Gene	GUT_GENOME001853	GUT_GENOME029311	GUT_GENOME147920	GUT_GENOME207711	GUT_GENOME261647
spoIIIE_1	1	1	1	1	1
topA	1	1	1	1	1
group_1007	1	1	1	1	1
group_1008	1	1	1	1	1
polC_2	1	1	1	1	1
lspA	1	1	1	1	1
group_1030	1	1	1	1	1
group_1042	1	1	1	1	1
rnmV	1	1	1	1	1
group_1044	1	1	1	1	1
ribE	1	1	1	1	1
menG	1	1	1	1	1
group_1060	1	1	1	1	1
group_1062	1	1	1	1	1
group_1092	1	1	1	1	1
group_11	1	1	1	1	1
trmB_2	1	1	1	1	1
cobS	1	1	1	1	1
aspS	1	1	1	1	1
rsmI	1	1	1	1	1
yfiC	1	1	1	1	1
speA	1	1	1	1	1
polA	1	1	1	1	1
msbA	1	1	1	1	1
group_12	1	1	1	1	1
clpC_1	1	1	1	1	1
cbiKp_2	1	1	1	1	1
prmA	1	1	1	1	1
rsmE	1	1	1	1	1
copA	1	1	1	1	1
mazG	1	1	1	1	1
mtnA	1	1	1	1	1
rluD_3	1	1	1	1	1
lpd	1	1	1	1	1
flK	1	1	1	1	1
group_147	1	1	1	1	1
group_149	1	1	1	1	1
cggR	1	1	1	1	1
eno	1	1	1	1	1
group_153	1	1	1	1	1
group_154	1	1	1	1	1
group_156	1	1	1	1	1
pheS	1	1	1	1	1
ispA	1	1	1	1	1
pheT	1	1	1	1	1
ppsA	1	1	1	1	1
recG	1	1	1	1	1
acpS	1	1	1	1	1
group_168	1	1	1	1	1
cobD_2	1	1	1	1	1
thrB	1	1	1	1	1
mlaE	1	1	1	1	1
zitB	1	1	1	1	1
folB	1	1	1	1	1
ykfA	1	1	1	1	1
lepA	1	1	1	1	1
miaA	1	1	1	1	1
group_2092	1	1	1	1	1
rsfS	1	1	1	1	1
psiE	1	1	1	1	1
hupA	1	1	1	1	1
rpmE	1	1	1	1	1
group_2097	1	1	1	1	1
group_2098	1	1	1	1	1
group_2099	1	1	1	1	1
group_21	1	1	1	1	1
efp	1	1	1	1	1
ppiB	1	1	1	1	1
group_2102	1	1	1	1	1
glpX	1	1	1	1	1
group_2104	1	1	1	1	1
group_2105	1	1	1	1	1
group_2106	1	1	1	1	1
frr	1	1	1	1	1
prs	1	1	1	1	1
group_2109	1	1	1	1	1
rsgA	1	1	1	1	1
secF	1	1	1	1	1
gatC	1	1	1	1	1
group_2112	1	1	1	1	1
group_2113	1	1	1	1	1
group_2114	1	1	1	1	1
prfA	1	1	1	1	1
group_2116	1	1	1	1	1
yhbY	1	1	1	1	1
argR	1	1	1	1	1
plsC	1	1	1	1	1
rsmB	1	1	1	1	1
hrcA	1	1	1	1	1
group_2121	1	1	1	1	1
lptD_2	1	1	1	1	1
rluB	1	1	1	1	1
metE	1	1	1	1	1
group_2125	1	1	1	1	1
cvfB	1	1	1	1	1
murAA	1	1	1	1	1
fur_1	1	1	1	1	1
ftsE	1	1	1	1	1
group_213	1	1	1	1	1
group_2130	1	1	1	1	1
ribH	1	1	1	1	1
ttdA_1	1	1	1	1	1
carA	1	1	1	1	1
mreC	1	1	1	1	1
lptB_2	1	1	1	1	1
group_2136	1	1	1	1	1
obg	1	1	1	1	1
trkA	1	1	1	1	1
cobD_1	1	1	1	1	1
priA	1	1	1	1	1
nhaA_2	1	1	1	1	1
mtaB	1	1	1	1	1
uppS	1	1	1	1	1
cysS	1	1	1	1	1
ctpB	1	1	1	1	1
nth	1	1	1	1	1
hslO	1	1	1	1	1
sdhB	1	1	1	1	1
gltX_1	1	1	1	1	1
macA_1	1	1	1	1	1
coaBC	1	1	1	1	1
tpx	1	1	1	1	1
recA	1	1	1	1	1
fetB	1	1	1	1	1
purR	1	1	1	1	1
gltX_2	1	1	1	1	1
group_2155	1	1	1	1	1
group_2156	1	1	1	1	1
dxs_1	1	1	1	1	1
serS	1	1	1	1	1
cofH	1	1	1	1	1
yloA	1	1	1	1	1
psd	1	1	1	1	1
cbiH	1	1	1	1	1
tal	1	1	1	1	1
group_2163	1	1	1	1	1
glyA	1	1	1	1	1
folE	1	1	1	1	1
gltS	1	1	1	1	1
cbbT	1	1	1	1	1
mrdB	1	1	1	1	1
nusB	1	1	1	1	1
ftsX	1	1	1	1	1
rpsP	1	1	1	1	1
group_2172	1	1	1	1	1
asd	1	1	1	1	1
hldE	1	1	1	1	1
group_2175	1	1	1	1	1
lexA	1	1	1	1	1
fumB	1	1	1	1	1
ypdF	1	1	1	1	1
group_2179	1	1	1	1	1
recO	1	1	1	1	1
sdhA	1	1	1	1	1
ftsA	1	1	1	1	1
gmk	1	1	1	1	1
kdsA	1	1	1	1	1
chbG	1	1	1	1	1
group_2185	1	1	1	1	1
yvyD	1	1	1	1	1
hisC_1	1	1	1	1	1
mraY	1	1	1	1	1
group_2189	1	1	1	1	1
ppaC	1	1	1	1	1
apeA	1	1	1	1	1
pth	1	1	1	1	1
nhaA_1	1	1	1	1	1
group_2193	1	1	1	1	1
group_2194	1	1	1	1	1
group_2195	1	1	1	1	1
murG	1	1	1	1	1
proB	1	1	1	1	1
sigA	1	1	1	1	1
pdtaR	1	1	1	1	1
group_22	1	1	1	1	1
smpB	1	1	1	1	1
group_2200	1	1	1	1	1
grpE	1	1	1	1	1
lytR	1	1	1	1	1
cmk	1	1	1	1	1
dtd3	1	1	1	1	1
ahcY	1	1	1	1	1
group_2206	1	1	1	1	1
group_2207	1	1	1	1	1
coaD	1	1	1	1	1
plsY	1	1	1	1	1
rnr	1	1	1	1	1
group_2210	1	1	1	1	1
hoxG	1	1	1	1	1
tmk	1	1	1	1	1
mcsB	1	1	1	1	1
mcsA	1	1	1	1	1
mrdA	1	1	1	1	1
group_227	1	1	1	1	1
relA	1	1	1	1	1
group_230	1	1	1	1	1
group_231	1	1	1	1	1
group_232	1	1	1	1	1
cydD	1	1	1	1	1
yitU	1	1	1	1	1
cydB	1	1	1	1	1
valS	1	1	1	1	1
hexs-b	1	1	1	1	1
arcC1	1	1	1	1	1
btuD_2	1	1	1	1	1
group_3	1	1	1	1	1
nadK	1	1	1	1	1
tlyA	1	1	1	1	1
rsuA	1	1	1	1	1
cobQ	1	1	1	1	1
murE	1	1	1	1	1
rlmB	1	1	1	1	1
polC_3	1	1	1	1	1
gmhA1	1	1	1	1	1
group_315	1	1	1	1	1
nrdR	1	1	1	1	1
lysN	1	1	1	1	1
murD	1	1	1	1	1
trmFO	1	1	1	1	1
group_326	1	1	1	1	1
proA	1	1	1	1	1
group_328	1	1	1	1	1
secA	1	1	1	1	1
ywlC	1	1	1	1	1
atpC	1	1	1	1	1
gspF	1	1	1	1	1
ppk	1	1	1	1	1
group_35	1	1	1	1	1
gppA_1	1	1	1	1	1
metG	1	1	1	1	1
group_352	1	1	1	1	1
group_36	1	1	1	1	1
hcp	1	1	1	1	1
group_37	1	1	1	1	1
tagA	1	1	1	1	1
group_381	1	1	1	1	1
group_384	1	1	1	1	1
lpxB	1	1	1	1	1
thiL	1	1	1	1	1
pdtaS	1	1	1	1	1
group_406	1	1	1	1	1
cbiKp	1	1	1	1	1
yusV	1	1	1	1	1
hmuU	1	1	1	1	1
cbiG	1	1	1	1	1
tcdA	1	1	1	1	1
nsrR	1	1	1	1	1
group_419	1	1	1	1	1
ugtP	1	1	1	1	1
mfd	1	1	1	1	1
xerC_1	1	1	1	1	1
dapA	1	1	1	1	1
dapB	1	1	1	1	1
pyrG	1	1	1	1	1
arnT_1	1	1	1	1	1
rluD_4	1	1	1	1	1
msrAB	1	1	1	1	1
ribD	1	1	1	1	1
ilvE	1	1	1	1	1
poxB	1	1	1	1	1
cshE	1	1	1	1	1
murC	1	1	1	1	1
group_481	1	1	1	1	1
ftsZ	1	1	1	1	1
group_483	1	1	1	1	1
group_484	1	1	1	1	1
ywlE	1	1	1	1	1
ywlF	1	1	1	1	1
upp	1	1	1	1	1
gap	1	1	1	1	1
topB	1	1	1	1	1
gpmI	1	1	1	1	1
epsE	1	1	1	1	1
pilT	1	1	1	1	1
group_494	1	1	1	1	1
pfkA	1	1	1	1	1
ccpN	1	1	1	1	1
group_499	1	1	1	1	1
group_50	1	1	1	1	1
nnr	1	1	1	1	1
amiC	1	1	1	1	1
tsaE	1	1	1	1	1
tsaB	1	1	1	1	1
rimI	1	1	1	1	1
tsaD_1	1	1	1	1	1
guaD	1	1	1	1	1
speF	1	1	1	1	1
lpxA	1	1	1	1	1
lpxD	1	1	1	1	1
group_543	1	1	1	1	1
yugI	1	1	1	1	1
ftsL_1	1	1	1	1	1
ldhB	1	1	1	1	1
group_549	1	1	1	1	1
abgB	1	1	1	1	1
folP	1	1	1	1	1
ybiT	1	1	1	1	1
pdxY	1	1	1	1	1
hemN	1	1	1	1	1
group_590	1	1	1	1	1
pyrH	1	1	1	1	1
prpC	1	1	1	1	1
def1	1	1	1	1	1
group_595	1	1	1	1	1
rsmD	1	1	1	1	1
der_1	1	1	1	1	1
scpB	1	1	1	1	1
scpA_2	1	1	1	1	1
ydcP_1	1	1	1	1	1
miaB	1	1	1	1	1
ligA	1	1	1	1	1
secG	1	1	1	1	1
mrnC	1	1	1	1	1
ctsR	1	1	1	1	1
rpe	1	1	1	1	1
speH	1	1	1	1	1
group_611	1	1	1	1	1
group_613	1	1	1	1	1
mreB	1	1	1	1	1
group_616	1	1	1	1	1
group_617	1	1	1	1	1
mntP	1	1	1	1	1
rlmN	1	1	1	1	1
fetA	1	1	1	1	1
recJ	1	1	1	1	1
rimO	1	1	1	1	1
recX	1	1	1	1	1
rny	1	1	1	1	1
dnaG	1	1	1	1	1
fmt	1	1	1	1	1
hyaC	1	1	1	1	1
hybD	1	1	1	1	1
gpsA	1	1	1	1	1
group_65	1	1	1	1	1
rph	1	1	1	1	1
speD	1	1	1	1	1
secDF	1	1	1	1	1
queA	1	1	1	1	1
gatB	1	1	1	1	1
rimM	1	1	1	1	1
ffh	1	1	1	1	1
group_665	1	1	1	1	1
gatA	1	1	1	1	1
group_670	1	1	1	1	1
group_676	1	1	1	1	1
fpgS	1	1	1	1	1
guaB_2	1	1	1	1	1
ispDF	1	1	1	1	1
uacT_2	1	1	1	1	1
ssnA	1	1	1	1	1
ygeW	1	1	1	1	1
group_686	1	1	1	1	1
clpC_2	1	1	1	1	1
group_7	1	1	1	1	1
group_70	1	1	1	1	1
hemZ	1	1	1	1	1
cinA	1	1	1	1	1
group_745	1	1	1	1	1
group_748	1	1	1	1	1
pspA	1	1	1	1	1
pduX	1	1	1	1	1
cobP	1	1	1	1	1
group_752	1	1	1	1	1
yvqK	1	1	1	1	1
ndkA	1	1	1	1	1
htpX_2	1	1	1	1	1
hom	1	1	1	1	1
group_757	1	1	1	1	1
group_758	1	1	1	1	1
yheI	1	1	1	1	1
group_76	1	1	1	1	1
yflS_2	1	1	1	1	1
lgt	1	1	1	1	1
group_766	1	1	1	1	1
group_77	1	1	1	1	1
nadD	1	1	1	1	1
prfB	1	1	1	1	1
rclA	1	1	1	1	1
pyrC	1	1	1	1	1
group_81	1	1	1	1	1
sdcS_1	1	1	1	1	1
group_820	1	1	1	1	1
fapR	1	1	1	1	1
gppA_2	1	1	1	1	1
glmU	1	1	1	1	1
group_829	1	1	1	1	1
engB	1	1	1	1	1
group_840	1	1	1	1	1
slt	1	1	1	1	1
group_848	1	1	1	1	1
crp	1	1	1	1	1
dpaL	1	1	1	1	1
alaS	1	1	1	1	1
group_882	1	1	1	1	1
group_885	1	1	1	1	1
lptC	1	1	1	1	1
kpsU	1	1	1	1	1
lpxK	1	1	1	1	1
waaA	1	1	1	1	1
lpxI	1	1	1	1	1
group_9	1	1	1	1	1
group_910	1	1	1	1	1
tsaD_2	1	1	1	1	1
isdE	1	1	1	1	1
cbiC	1	1	1	1	1
cbiJ	1	1	1	1	1
group_964	1	1	1	1	1
group_973	1	1	1	1	1
appC	1	1	1	1	1
moaB	1	1	1	1	1
ddl_2	1	1	1	1	1
group_982	1	1	1	1	1
group_983	1	1	1	1	1
recN	1	1	1	1	1
glyS	1	1	1	1	1
group_1	1	0	1	1	1
group_1001	1	1	1	0	1
group_1002	1	1	1	0	1
fumC	1	1	1	0	1
group_1009	1	1	0	1	1
group_1010	1	1	1	0	1
sdhE	1	1	1	0	1
group_1012	1	1	1	0	1
nrdG	1	1	1	0	1
nrdD	1	1	1	0	1
narG	1	1	1	0	1
narH	1	1	1	0	1
group_1017	1	1	1	0	1
group_1018	1	1	1	0	1
ychF	1	1	1	0	1
ddh	1	1	1	0	1
ilvB_1	1	1	1	0	1
group_1024	1	1	1	0	1
group_1025	1	1	1	0	1
ackA	1	1	1	0	1
ddrA	1	1	1	0	1
group_1031	1	1	1	0	1
mdtA	1	1	1	0	1
group_1033	1	1	1	0	1
group_1034	1	1	1	0	1
hdfR_1	1	1	1	0	1
group_1037	1	1	1	0	1
group_1038	1	1	1	0	1
group_1039	1	1	1	0	1
gltB	1	1	1	0	1
thiT	1	1	1	0	1
rhaS_1	1	1	1	0	1
group_1045	1	1	1	1	0
rsmG	1	1	1	0	1
fieF	1	1	1	0	1
ttdB	1	1	1	0	1
group_1052	1	1	1	0	1
ribBA	1	1	0	1	1
group_1061	1	1	0	1	1
group_107	1	1	1	0	1
group_1085	1	1	1	0	1
envC	1	1	0	1	1
citF	1	1	1	0	1
mraZ	1	1	1	0	1
ftsL_2	1	1	1	0	1
ddl	1	1	0	1	1
ftsQ	1	1	0	1	1
yknY	1	1	0	1	1
pbpF	1	1	0	1	1
tyrS	1	1	0	1	1
rpmB	1	1	0	1	1
group_1122	1	1	1	0	1
pabA	1	1	1	0	1
trpD	1	1	1	0	1
trpB	1	1	1	0	1
group_1134	1	1	1	0	1
group_1145	1	1	1	0	1
group_1146	1	1	1	0	1
bioB	1	1	1	0	1
recF_1	1	1	1	0	1
hemE	1	1	1	0	1
group_115	1	1	1	0	1
rfbB	1	1	1	0	1
rmd	1	1	1	0	1
group_1156	1	1	1	0	1
group_1157	1	1	1	0	1
cca	1	1	1	0	1
group_1160	1	1	1	0	1
livH	1	1	1	0	1
braC	1	1	1	0	1
galE	1	1	1	0	1
pgi	1	1	1	0	1
group_1165	1	1	1	0	1
group_1166	1	1	1	0	1
group_1167	1	1	1	0	1
menE_1	1	1	1	0	1
pcaF	1	1	1	0	1
dcuA	1	1	1	0	1
group_1170	1	1	1	0	1
group_1171	1	1	1	0	1
group_1172	1	1	1	0	1
hypE	1	1	1	0	1
hypD	1	1	1	0	1
hybG	1	1	1	0	1
pqqE	1	1	1	0	1
addA	1	1	1	0	1
group_1180	1	1	1	1	0
fabZ	1	1	0	1	1
group_1182	1	1	0	1	1
group_1183	1	1	0	1	1
group_1184	1	1	0	1	1
bamA	1	1	0	1	1
group_1186	1	1	1	0	1
greA	1	1	1	0	1
birA	1	1	1	0	1
hpt	1	1	0	1	1
btuD_1	1	1	0	1	1
oppD_2	1	1	0	1	1
oppC	1	1	0	1	1
oppB	1	1	0	1	1
group_1198	1	1	0	1	1
group_1199	1	1	1	0	1
ptsI	1	1	1	0	1
hemB	1	1	1	0	1
group_1205	1	1	1	0	1
ylmA	1	1	1	0	1
ilvH_2	1	1	1	0	1
yflS_1	1	1	1	0	1
group_1211	1	1	1	0	1
cobT_2	1	1	1	0	1
tyrC	1	1	1	0	1
yeeO	1	1	1	0	1
bcr_1	1	1	1	0	1
purA	1	1	1	0	1
group_1254	1	1	1	0	1
purB	1	1	1	0	1
group_1258	1	1	1	0	1
sbcD	1	1	0	1	1
group_1262	1	1	1	0	1
group_1264	1	1	1	0	1
group_1266	1	1	1	0	1
mgsR	1	1	1	0	1
ydfK	1	1	1	0	1
group_1270	1	1	1	0	1
group_1271	1	1	1	0	1
group_1272	1	1	1	0	1
group_1283	1	1	1	1	0
pknD	1	1	0	1	1
metK	1	1	0	1	1
ispH	1	1	1	0	1
group_1292	1	1	0	1	1
era	1	1	0	1	1
ybeY	1	1	0	1	1
pcrA	1	1	0	1	1
bepE	1	1	0	1	1
bepF	1	1	0	1	1
bioF	1	1	0	1	1
bioW	1	1	0	1	1
group_1300	1	1	0	1	1
sigH	1	1	0	1	1
radA	1	1	0	1	1
sufS_2	1	0	1	1	1
group_1305	1	1	0	1	1
rplU	1	1	1	0	1
rpmA	1	1	1	0	1
group_1308	1	1	1	0	1
group_1309	1	1	1	0	1
group_1311	1	1	1	0	1
htrB	1	1	1	0	1
pyrE	1	1	1	0	1
pyrF	1	1	1	0	1
polC_1	1	1	1	0	1
yxeP_2	1	1	1	0	1
bacC	1	1	1	0	1
group_1323	1	1	0	1	1
yhhS	1	1	1	0	1
tgt	1	1	1	0	1
ruvA	1	1	1	0	1
ruvC	1	1	1	0	1
argC	1	1	1	0	1
group_1334	1	1	0	1	1
pyrB	1	1	0	1	1
whiA	1	1	0	1	1
yxeP_1	1	1	1	0	1
clpP	1	1	1	0	1
tig	1	1	1	0	1
bioY_2	1	1	1	0	1
pepD	1	1	1	0	1
pncB	1	1	1	0	1
ybjJ	1	1	1	0	1
xdhA	1	1	1	0	1
group_1352	1	1	1	0	1
cdaA	1	1	1	0	1
artQ	1	1	1	0	1
artM	1	1	1	0	1
group_1357	1	1	1	0	1
ftsW	1	1	1	0	1
group_1361	1	1	1	0	1
group_1365	1	1	1	0	1
mnmG	1	1	1	0	1
group_1375	1	1	1	0	1
macA_2	1	1	1	0	1
pepT	1	1	1	0	1
dedA	1	1	1	0	1
cynR	1	1	1	0	1
xpt	1	1	1	0	1
group_1384	1	1	1	0	1
purE	1	1	1	0	1
purC	1	1	1	0	1
menB	1	1	1	0	1
hisC_2	1	1	1	0	1
group_139	1	1	1	0	1
group_1392	1	1	1	0	1
ydfG	1	1	1	0	1
group_1396	1	1	1	0	1
group_14	1	1	1	0	1
cpdA_2	1	1	1	0	1
norV_2	1	1	1	0	1
ulaA	1	1	1	0	1
group_1406	1	1	1	0	1
ulaC	1	1	1	0	1
group_141	1	1	1	0	1
group_1411	1	1	0	1	1
rfaQ	1	1	0	1	1
group_1413	1	1	0	1	1
gmhB	1	1	0	1	1
hldD	1	1	0	1	1
apbC	1	1	1	0	1
group_1417	1	1	0	1	1
moeA	1	1	1	0	1
rplS	1	1	1	0	1
rbgA	1	1	1	0	1
group_1422	1	1	0	1	1
tadA	1	1	0	1	1
ccmL	1	1	1	0	1
pduA_2	1	1	1	0	1
pduC	1	1	1	0	1
pduB_1	1	1	1	0	1
group_1436	1	1	0	1	1
trkH	1	1	0	1	1
cspB	1	1	0	1	1
cymR_1	1	1	1	0	1
exuT	1	1	1	0	1
ziaA	1	1	1	0	1
tcyP	1	1	1	0	1
group_1451	1	1	1	0	1
atpE	1	1	1	0	1
mnaA	1	1	1	0	1
tagO	1	1	1	0	1
group_1459	1	1	1	0	1
pgm	1	1	1	0	1
exoA	1	1	1	0	1
citD	1	1	1	0	1
fabG	1	1	0	1	1
fabD	1	1	0	1	1
group_1476	1	1	0	1	1
rd	1	1	1	0	1
group_1478	1	1	0	1	1
rsmH	1	1	1	0	1
aldA	1	1	1	1	0
group_1484	1	1	0	1	1
rbfA	1	1	0	1	1
group_1498	1	1	1	0	1
menF	1	1	1	0	1
prmC	1	1	0	1	1
hybF	1	1	0	1	1
hypB	1	1	0	1	1
group_1503	1	0	1	1	1
ttdT	1	1	1	0	1
group_1509	1	1	1	0	1
metB	1	1	1	0	1
ghrB	1	1	1	0	1
yfeX	1	1	1	0	1
group_1515	1	1	1	0	1
group_1518	1	1	1	0	1
znuA	1	1	1	0	1
bioK	1	1	1	0	1
group_1523	1	1	1	0	1
group_1524	1	1	1	0	1
yrrK	1	1	1	0	1
group_1527	1	1	0	1	1
yjhB	1	1	1	0	1
lptG	1	1	0	1	1
argG	1	1	1	0	1
group_1539	1	1	1	0	1
group_1545	1	1	1	0	1
group_1547	1	1	1	0	1
group_1548	1	1	1	0	1
group_155	1	1	0	1	1
group_1550	1	1	1	0	1
ahpC	1	1	1	0	1
cymR_2	1	1	1	0	1
rcsC	1	1	1	0	1
group_1557	1	1	1	0	1
gpx1	1	1	1	0	1
eutD	1	1	1	0	1
soj	1	1	1	0	1
group_1561	1	1	1	0	1
group_1562	1	1	1	0	1
btuR	1	1	1	0	1
group_1564	1	1	1	0	1
group_1566	1	1	1	0	1
macB	1	1	0	1	1
group_1571	1	0	1	1	1
group_1572	1	1	1	0	1
group_1573	1	1	1	0	1
rpsF	1	1	1	0	1
ssb	1	1	1	0	1
rpsR	1	1	1	0	1
group_158	1	1	0	1	1
group_1583	1	1	1	0	1
cbiL	1	1	1	0	1
perR	1	1	0	1	1
gloA	1	1	0	1	1
group_1597	1	1	1	0	1
group_1598	1	1	1	0	1
dnaK	1	1	0	1	1
group_1601	1	1	0	1	1
rpsU	1	1	0	1	1
aspA	1	1	1	1	0
group_1607	1	1	0	1	1
nudL	1	1	0	1	1
group_1610	1	1	1	0	1
group_1611	1	1	1	0	1
group_1617	1	1	1	0	1
spoVB_2	1	1	0	1	1
fba	1	1	0	1	1
group_1628	1	1	1	0	1
group_1629	1	1	1	0	1
yqfL	1	0	1	1	1
yrdA	1	1	1	0	1
narX	1	1	1	0	1
rplL	1	1	1	0	1
rplA	1	1	1	0	1
rplK	1	1	1	0	1
nusG	1	1	1	0	1
secE	1	1	1	0	1
rpmG1	1	1	1	0	1
ilvH_1	1	1	1	0	1
guaB_1	1	1	1	0	1
group_1650	1	1	1	0	1
group_1656	1	1	1	0	1
group_1657	1	1	1	0	1
pyrR	1	1	1	0	1
group_166	1	1	0	1	1
argO	1	1	1	0	1
group_1663	1	1	1	0	1
rsmA	1	1	0	1	1
group_169	1	1	1	0	1
group_1690	1	1	1	0	1
sdcS_2	1	1	1	0	1
group_1699	1	1	1	0	1
group_170	1	1	1	0	1
glnP	1	1	0	1	1
group_171	1	1	1	0	1
glnQ	1	1	0	1	1
group_1712	1	1	0	1	1
rpmI	1	1	1	0	1
mntB	1	1	1	0	1
infC	1	1	1	0	1
sstT	1	1	1	1	0
group_174	1	1	1	0	1
group_1747	1	1	1	0	1
wecA	1	1	1	0	1
arnB	1	1	1	0	1
yheS	1	1	1	0	1
ctpC	1	1	1	0	1
group_182	1	1	0	1	1
group_1839	1	1	0	1	1
ftsH	1	1	1	0	1
ppx2	1	1	0	1	1
dppE	1	1	0	1	1
apeB	1	1	1	1	0
cobT_3	1	1	1	0	1
group_193	1	1	1	0	1
group_195	1	1	1	0	1
group_1951	1	1	1	0	1
group_197	1	1	1	0	1
fbiB	1	1	1	0	1
glpT	1	1	1	0	1
mdtC	1	1	1	0	1
cdiA	1	1	1	0	1
group_200	1	1	1	0	1
group_202	1	1	1	0	1
group_203	1	1	1	0	1
mnmA	1	1	1	1	0
mutS	1	1	0	1	1
group_208	1	1	1	0	1
proS	1	1	0	1	1
rasP	1	1	1	0	1
yacP	1	1	0	1	1
group_225	1	1	1	1	0
group_228	1	1	1	0	1
hisK	1	1	1	0	1
rfaF	1	1	1	0	1
sasA	1	1	1	0	1
regX3	1	1	1	0	1
group_236	1	1	1	0	1
deoC	1	1	1	0	1
group_238	1	1	1	0	1
group_239	1	1	1	0	1
group_240	1	1	1	0	1
dat	1	1	1	0	1
murI	1	1	1	0	1
group_243	1	1	0	1	1
yqgN	1	1	1	0	1
group_245	1	1	1	0	1
trmD	1	1	0	1	1
group_247	1	1	0	1	1
group_249	1	1	1	0	1
rlmH	1	1	0	1	1
group_256	1	1	1	0	1
group_258	1	1	1	0	1
ansA	1	1	1	0	1
group_26	1	1	1	0	1
group_260	1	1	1	0	1
queG	1	1	1	0	1
group_262	1	1	1	0	1
group_263	1	1	1	0	1
pucB	1	1	1	0	1
group_265	1	1	1	0	1
cdaR	1	1	1	0	1
group_267	1	1	1	0	1
group_268	1	1	1	0	1
trpS	1	1	1	0	1
argF	1	1	1	0	1
group_270	1	1	1	0	1
group_273	1	1	1	0	1
group_274	1	1	1	0	1
group_275	1	1	1	0	1
tabA	1	1	1	0	1
group_278	1	1	1	0	1
gyrB	1	1	1	0	1
group_280	1	1	1	0	1
group_281	1	1	1	0	1
gtf1	1	1	1	0	1
group_283	1	1	1	0	1
group_284	1	1	1	0	1
purN	1	1	1	0	1
menD	1	1	1	0	1
menH	1	1	1	0	1
group_29	1	1	1	0	1
menE_2	1	1	1	0	1
menC	1	1	1	0	1
menI	1	1	1	0	1
group_293	1	1	1	0	1
group_294	1	1	1	0	1
group_295	1	1	1	0	1
moaC	1	1	1	0	1
metH	1	1	1	0	1
group_300	1	1	1	0	1
group_301	1	1	1	0	1
group_302	1	1	1	0	1
group_305	1	1	1	0	1
yxdL	1	1	0	1	1
group_312	1	1	0	1	1
rnhB	1	1	1	0	1
group_321	1	1	0	1	1
adhE	1	1	1	0	1
hscA	1	1	1	0	1
pduV	1	1	1	0	1
cobT_1	1	1	1	0	1
rluD_1	1	1	1	0	1
group_332	1	1	1	0	1
cycA	1	1	1	0	1
ymfD	1	1	1	0	1
group_335	1	1	1	0	1
rnj_2	1	1	1	0	1
group_338	1	1	1	0	1
atpH	1	1	1	0	1
group_341	1	1	1	0	1
group_342	1	1	1	0	1
ftsY	1	1	1	0	1
smc_3	1	1	1	0	1
fabF	1	1	1	0	1
yhgF	1	1	1	1	0
ribF	1	1	0	1	1
truB	1	1	0	1	1
rplGA	1	1	1	0	1
rimP	1	1	1	0	1
coaE	1	1	0	1	1
group_360	1	1	1	0	1
group_361	1	1	1	0	1
group_362	1	1	1	0	1
sodA	1	1	1	0	1
group_364	1	1	1	0	1
pflA	1	1	1	0	1
pflB_1	1	1	1	0	1
group_368	1	1	1	0	1
glnS	1	1	1	0	1
ribN	1	1	1	0	1
moaA	1	1	1	0	1
group_372	1	1	1	0	1
group_373	1	1	1	0	1
btuD_5	1	1	1	0	1
znuB	1	1	1	0	1
fur_2	1	1	1	0	1
mutY	1	1	1	0	1
group_379	1	1	1	0	1
ybhI_1	1	1	1	0	1
sipT	1	1	0	1	1
lpxL	1	0	1	1	1
mtgA	1	1	1	0	1
group_388	1	1	1	0	1
ynfE	1	1	1	0	1
group_391	1	1	1	0	1
group_392	1	1	1	0	1
patB_1	1	1	1	0	1
der_3	1	1	1	0	1
pheA	1	1	1	0	1
aroE	1	1	1	0	1
ttuB_1	1	1	1	0	1
nagZ	1	1	1	0	1
gyrA	1	1	1	0	1
nifB	1	1	1	0	1
sufS_1	1	1	1	0	1
group_405	1	1	1	0	1
gsiC	1	1	1	0	1
ddpA_2	1	1	1	0	1
groL	1	1	1	1	0
oppD_1	1	1	1	0	1
cbiF	1	1	0	1	1
group_42	1	1	1	0	1
group_423	1	1	1	0	1
group_426	1	1	1	0	1
group_43	1	1	1	0	1
group_431	1	1	0	1	1
group_432	1	1	1	0	1
group_433	1	1	1	0	1
group_434	1	1	1	0	1
group_435	1	1	1	0	1
group_437	1	1	1	0	1
modA_2	1	1	1	0	1
modB	1	1	1	0	1
oxyR	1	1	1	0	1
fbpC	1	1	1	0	1
group_441	1	1	1	0	1
group_442	1	1	1	0	1
thiD	1	1	1	0	1
clcA_2	1	1	1	0	1
group_449	1	1	1	0	1
cooS1	1	1	1	0	1
group_450	1	1	1	0	1
yfkO	1	1	1	0	1
yqhD	1	1	1	0	1
ygaZ	1	1	1	0	1
morA	1	1	1	0	1
guaC	1	1	1	0	1
mobA	1	1	1	0	1
group_46	1	1	1	0	1
yitJ	1	1	1	0	1
group_463	1	1	1	0	1
katA	1	1	1	0	1
group_465	1	1	1	0	1
group_47	1	1	1	0	1
glnH_1	1	1	0	1	1
sulD	0	1	1	1	1
uvrB	1	1	0	1	1
pgk	1	1	1	0	1
tpiA	1	1	1	0	1
mutS2	1	1	0	1	1
group_498	1	1	0	1	1
surE	1	1	0	1	1
group_503	1	1	1	1	0
trpE	1	1	1	0	1
trpA	1	1	1	0	1
group_51	1	1	1	0	1
group_510	1	1	1	0	1
ileS	1	1	1	0	1
group_512	1	1	1	0	1
group_515	1	1	1	0	1
group_516	1	1	1	0	1
yhaO	1	1	1	0	1
group_521	1	1	1	0	1
tarI	1	1	1	0	1
group_525	1	1	1	0	1
pglF	1	1	1	0	1
group_527	1	1	1	0	1
group_528	1	1	1	0	1
ybaK	1	1	1	0	1
group_530	1	1	1	0	1
bioY_1	1	1	1	0	1
gtaB	1	1	1	0	1
lptD_1	1	1	1	0	1
group_534	1	1	1	0	1
group_536	1	1	1	1	0
prfC	1	1	0	1	1
lpxC	1	1	0	1	1
group_54	1	1	1	0	1
group_541	1	1	0	1	1
mlaF	1	1	1	0	1
dus	1	1	1	0	1
coaX	1	1	1	0	1
group_552	1	1	0	1	1
hemL2	1	1	1	0	1
nasF	1	1	1	0	1
group_560	1	1	1	0	1
ilvB_2	1	1	1	0	1
tdcB	1	1	1	0	1
group_563	1	1	1	0	1
group_564	1	1	1	0	1
group_569	1	1	1	0	1
group_57	1	1	1	0	1
group_570	1	1	1	0	1
group_571	1	1	1	0	1
group_572	1	1	1	0	1
group_573	1	1	1	0	1
clcA_1	1	1	1	0	1
fucO	1	1	1	0	1
group_576	1	1	1	0	1
group_577	1	1	1	0	1
group_578	1	1	1	0	1
ohrR	1	1	1	0	1
fsr_1	1	1	1	0	1
tag	1	1	1	0	1
group_581	1	1	1	0	1
group_582	1	1	1	0	1
group_583	1	1	1	0	1
mutL	1	1	1	0	1
ispG	1	1	0	1	1
dxr	1	1	1	0	1
tsf	1	1	0	1	1
group_602	1	1	0	1	1
group_603	1	1	0	1	1
panS	1	1	0	1	1
yacL	1	1	0	1	1
sufU	1	0	1	1	1
rng	1	1	0	1	1
hisS	1	1	0	1	1
group_623	1	1	0	1	1
group_629	1	1	0	1	1
trxA_2	1	1	0	1	1
hoxK	1	1	1	0	1
yafV	1	1	1	0	1
pgaB	1	1	1	0	1
group_638	1	1	1	0	1
group_639	1	1	1	0	1
group_640	1	1	1	0	1
metQ_1	1	1	1	0	1
menA	1	1	1	0	1
group_646	1	1	1	0	1
metN	1	1	1	0	1
metI	1	1	1	0	1
group_649	1	1	1	0	1
yfcA	1	1	1	0	1
group_651	1	1	1	0	1
group_652	1	1	1	0	1
group_660	1	1	0	1	1
ruvB	1	0	1	1	1
group_662	1	1	1	0	1
yigZ	1	1	0	1	1
group_667	1	1	0	1	1
carB	1	1	0	1	1
cat1	1	0	1	1	1
tatC	1	1	0	1	1
yycJ	1	1	0	1	1
ndhM	1	1	0	1	1
argE	1	1	0	1	1
group_687	1	1	1	0	1
group_688	1	1	1	0	1
mscS	1	1	1	0	1
dacF	1	1	1	0	1
group_692	1	1	1	0	1
fliY	1	1	1	0	1
ziaR	1	1	1	0	1
group_695	1	1	1	0	1
queF	1	1	1	0	1
cysK_2	1	1	1	0	1
dapH	1	1	1	0	1
group_708	1	1	1	0	1
fusA_1	1	1	1	0	1
yicL_1	1	1	1	0	1
iaaH	1	1	1	0	1
dcuD_1	1	1	1	0	1
group_715	1	1	1	0	1
lysP	1	1	1	0	1
group_717	1	1	1	0	1
group_718	1	1	1	0	1
group_719	1	1	1	0	1
group_720	1	1	1	0	1
purF	1	1	1	0	1
purM	1	1	1	0	1
bepA	1	1	1	0	1
fsr_2	1	1	1	0	1
fixX	1	1	1	0	1
group_732	1	1	1	0	1
murB	1	1	1	0	1
group_74	1	1	1	0	1
group_740	1	1	1	0	1
trmL	1	1	1	0	1
group_742	1	1	1	0	1
xseB	1	1	0	1	1
xseA	1	1	0	1	1
group_75	1	1	1	0	1
group_760	1	1	0	1	1
group_762	1	1	0	1	1
group_763	1	1	1	0	1
group_767	1	1	0	1	1
sucD	1	1	1	0	1
group_769	1	1	1	0	1
group_773	1	1	1	0	1
pduE	1	1	1	0	1
pduD	1	1	1	0	1
group_78	1	1	0	1	1
dhaT	1	1	1	0	1
group_784	1	1	0	1	1
group_790	1	1	1	0	1
dinB_2	1	1	1	0	1
group_798	1	1	0	1	1
atpD	1	1	1	0	1
trpF	1	1	1	0	1
atpG	1	1	1	0	1
atpA	1	1	1	0	1
atpF	1	1	1	0	1
atpB	1	1	1	0	1
group_804	1	1	1	0	1
ispE	1	1	1	0	1
lutR	1	1	1	0	1
group_809	1	1	1	0	1
cmpR	1	1	1	0	1
citE	1	1	1	0	1
group_814	1	1	1	0	1
group_815	1	1	1	0	1
gltC	1	1	1	0	1
fabHA	1	1	0	1	1
plsX	1	1	0	1	1
rpmF	1	1	1	0	1
group_826	1	1	1	0	1
mopII	1	1	0	1	1
opuE	1	1	0	1	1
recQ	1	1	0	1	1
recD2	1	1	0	1	1
aroK_2	1	1	0	1	1
nrnA	1	1	0	1	1
group_838	1	1	1	0	1
nusA	1	1	1	0	1
lon1	1	1	1	1	0
group_842	1	1	1	0	1
group_845	1	1	1	0	1
hmpT	1	1	1	0	1
ypjQ	1	1	1	0	1
mtnW	1	1	0	1	1
spoVD	1	1	1	0	1
folD	1	1	1	0	1
group_852	1	1	1	0	1
pflB_2	1	1	1	0	1
group_854	1	1	1	0	1
patB_2	1	1	1	0	1
metAA	1	1	1	0	1
mgl	1	1	1	0	1
group_858	1	1	1	0	1
group_859	1	1	0	1	1
mscL	1	1	1	0	1
thrC	1	1	1	0	1
fchA	1	1	1	0	1
group_869	1	1	1	0	1
nadE	1	1	1	0	1
group_870	1	1	1	0	1
group_872	1	1	1	0	1
group_873	1	1	1	0	1
bioD	1	1	1	0	1
group_875	1	1	1	0	1
crcB	1	1	1	0	1
rspR	1	1	1	0	1
group_879	1	1	1	0	1
glmM	1	1	1	0	1
group_880	1	1	1	0	1
group_881	1	1	1	0	1
thrZ	1	1	1	0	1
group_884	1	1	0	1	1
kdsD	1	1	0	1	1
ptsH	1	1	1	0	1
group_898	1	1	1	0	1
pcp	1	1	1	0	1
mdtG_1	1	1	1	0	1
group_900	1	1	1	0	1
rbsD	1	1	1	0	1
rbsK	1	1	1	0	1
ecfA2_1	1	1	1	0	1
ecfT_1	1	1	1	0	1
group_908	1	1	1	0	1
gph	1	1	0	1	1
group_91	1	1	1	0	1
brnQ	1	1	1	0	1
group_912	1	1	1	0	1
ywiB	1	1	1	0	1
group_915	1	1	1	0	1
group_917	1	1	1	0	1
group_918	1	1	1	0	1
yybR	1	1	1	0	1
group_92	1	1	1	0	1
group_921	1	1	1	0	1
gltD	1	1	1	0	1
spo0J	1	1	1	0	1
group_924	1	1	1	0	1
group_925	1	1	1	0	1
group_928	1	1	1	0	1
sfsA	1	1	1	0	1
aroD	1	1	1	0	1
group_939	1	1	1	0	1
group_940	1	1	1	0	1
rnj_1	1	1	1	0	1
modA_1	1	1	1	0	1
yccM	1	1	1	0	1
group_946	1	1	1	0	1
group_947	1	1	1	0	1
lysC	1	1	1	0	1
cbiK	1	1	0	1	1
gsiD_2	1	1	1	0	1
cshA	1	1	1	0	1
nfo	1	1	0	1	1
group_965	1	1	1	0	1
rfbX	1	1	1	0	1
epsJ	1	1	1	0	1
group_968	1	1	1	0	1
group_969	1	1	1	0	1
group_970	1	1	1	0	1
glf	1	1	1	0	1
yqeY	1	1	0	1	1
group_974	1	1	0	1	1
norM	1	0	1	1	1
ubiE	1	1	0	1	1
group_981	1	1	0	1	1
glcA	1	1	1	0	1
bcr_2	1	1	1	0	1
group_986	1	1	1	1	0
group_987	1	1	0	1	1
yneA	1	1	0	1	1
argB	1	1	1	0	1
argD	1	1	1	0	1
group_993	1	1	1	0	1
ogt	1	1	1	0	1
group_1000	1	1	0	0	1
leuS	1	1	0	0	1
dapL	1	1	0	0	1
maf	1	1	0	0	1
mdtG_3	1	1	0	0	1
group_1048	1	1	0	0	1
group_1053	1	1	0	0	1
group_1058	1	1	0	0	1
gdpP	1	1	0	0	1
group_1064	0	1	1	0	1
group_1065	0	1	1	0	1
rarD	0	1	1	0	1
group_1067	0	1	1	0	1
htpX_1	0	1	1	0	1
dinB_1	0	1	1	0	1
pel	0	1	1	0	1
group_1071	0	1	1	0	1
group_1072	0	1	1	0	1
group_1073	0	1	1	0	1
group_1075	0	1	1	0	1
group_1076	0	1	0	1	1
group_1077	0	1	1	0	1
group_1078	0	1	1	0	1
group_1079	0	1	1	0	1
dnaE	1	1	0	0	1
group_1080	0	1	1	0	1
group_1081	0	1	1	0	1
group_1082	0	1	1	0	1
metP	0	1	1	0	1
group_1084	0	1	1	0	1
group_1087	0	1	0	1	1
nikE	0	1	1	0	1
group_1089	0	1	1	0	1
ddpA_1	0	1	1	0	1
nikB	0	1	1	0	1
hypF	1	1	0	0	1
group_1094	0	1	1	0	1
group_1096	0	1	0	1	1
group_1097	0	1	1	0	1
yisK	0	1	1	0	1
group_1100	0	1	1	0	1
group_1101	0	1	1	0	1
group_1119	1	0	0	1	1
groS	1	1	1	0	0
glnH_3	1	1	0	0	1
znuC	1	1	0	0	1
troA	1	1	0	0	1
group_1144	1	0	1	0	1
group_1151	1	1	0	0	1
ugd	1	1	0	0	1
livF	1	1	0	0	1
lptB_1	1	1	0	0	1
group_1177	1	1	0	0	1
group_1178	1	1	0	0	1
group_1179	1	1	0	0	1
lysS	1	1	0	0	1
hemC	1	1	0	0	1
group_1202	1	1	0	0	1
group_1204	1	1	0	0	1
ilvC	1	1	0	0	1
ilvD	1	1	0	0	1
group_121	1	1	0	0	1
tatAd	1	1	0	0	1
rpsD	1	0	1	0	1
hdfR_2	1	0	1	0	1
kipI	1	0	0	1	1
korA	1	1	0	0	1
truA	1	1	0	0	1
ecfT_2	1	1	0	0	1
ecfA2_2	1	1	0	0	1
rplQ	1	1	0	0	1
rpoA	1	1	0	0	1
rpsK	1	1	0	0	1
rpsM	1	1	0	0	1
rpmJ	1	1	0	0	1
infA	1	1	0	0	1
adk	1	1	0	0	1
secY	1	1	0	0	1
rplO	1	1	0	0	1
rpmD	1	1	0	0	1
rpsE	1	1	0	0	1
rplR	1	1	0	0	1
rplF	1	1	0	0	1
rpsH	1	1	0	0	1
rpsN2	1	1	0	0	1
rplE	1	1	0	0	1
rplX	1	1	0	0	1
rplN	1	1	0	0	1
rpsQ	1	1	0	0	1
rpmC	1	1	0	0	1
rplP	1	1	0	0	1
rpsC	1	1	0	0	1
rplV	1	1	0	0	1
rplB	1	1	0	0	1
rplW	1	1	0	0	1
rplC	1	1	0	0	1
rpsJ	1	1	0	0	1
group_1259	1	1	0	0	1
scpA_1	1	1	0	0	1
wcaJ	1	1	1	0	0
group_1273	1	1	0	0	1
group_1275	1	1	0	0	1
group_1276	1	1	0	0	1
group_1277	1	1	0	0	1
rpsB	1	1	0	0	1
lysA	1	1	1	0	0
group_1310	1	1	0	0	1
group_1316	1	1	0	0	1
yabJ	1	1	0	0	1
group_1322	1	1	0	0	1
pmpR	1	1	0	0	1
pyrD	1	1	0	1	0
group_1338	1	0	1	0	1
clpX	1	1	1	0	0
ygfK	1	1	0	0	1
hcrC	1	0	1	0	1
cstA	1	1	1	0	0
group_1362	1	1	0	0	1
group_1363	1	1	0	0	1
mnmE	1	1	0	0	1
rnpA	1	1	0	0	1
dnaA	1	1	0	0	1
dnaN	1	1	0	0	1
group_1372	1	1	0	0	1
recF_2	1	1	0	0	1
group_1374	1	1	0	0	1
purL	1	1	0	0	1
carE	1	1	0	0	1
leuB	1	0	1	0	1
niaX	1	0	1	0	1
typA	1	1	0	0	1
ktrA	1	1	0	0	1
ktrB	1	1	0	0	1
pnp	1	1	0	0	1
rpsO	1	1	0	0	1
glyQ	1	1	0	1	0
pduA_1	1	1	0	0	1
pduU	1	1	0	0	1
group_1433	1	1	0	0	1
pgtP	1	1	0	0	1
group_1441	1	1	0	0	1
rep	1	1	0	0	1
adeQ	1	1	0	0	1
group_1450	1	1	0	0	1
dnaC	1	1	0	0	1
cmpC	1	1	0	0	1
ssuC	1	1	0	0	1
alsT	1	1	0	0	1
rocG	1	1	0	0	1
group_1463	1	1	0	0	1
pyk	1	1	0	0	1
ybhL	1	1	0	0	1
group_1470	1	1	0	0	1
rnc	1	1	0	0	1
acpP	1	1	0	0	1
thyA1	1	1	0	0	1
dfrA	1	1	0	0	1
rpsT	1	1	0	0	1
fhs	1	1	0	0	1
alr	1	1	0	0	1
group_1521	1	1	0	0	1
group_1522	1	1	0	0	1
group_1525	1	1	0	0	1
argH	1	1	0	0	1
csoR	1	1	0	0	1
fruA	1	1	0	0	1
rbsB	1	1	0	0	1
rbsA	1	1	0	0	1
group_1540	1	1	0	0	1
yncA	1	1	0	0	1
group_1543	1	1	0	0	1
group_1544	1	1	0	0	1
satP	1	1	0	0	1
group_1551	1	1	0	0	1
argS	1	1	0	0	1
copR	1	1	0	0	1
group_1565	1	0	1	0	1
group_1574	1	1	0	0	1
group_1575	1	1	0	0	1
group_1576	1	1	0	0	1
trxA_1	1	1	0	0	1
yccU	1	1	0	0	1
cobO	1	1	0	0	1
cbiA	1	1	0	0	1
cbiET_2	1	1	0	1	0
group_1591	1	1	0	0	1
speE	1	1	0	1	0
dnaJ	1	1	0	0	1
mtaD	1	1	0	0	1
yjmC	1	1	0	0	1
group_1612	1	1	0	0	1
group_1614	1	1	0	0	1
group_1618	1	1	0	0	1
group_1619	1	1	0	0	1
uraA	1	1	0	0	1
trmB_1	1	1	0	0	1
group_1623	1	1	0	0	1
rbr	1	1	1	0	0
sdhB_1	1	1	0	0	1
sdhA_1	1	1	0	0	1
fnr	1	1	0	0	1
narX_2	1	0	1	0	1
rplJ	1	1	0	0	1
mtcA1	1	1	0	0	1
group_1652	1	1	1	0	0
metQ_2	1	1	0	0	1
group_1667	1	0	1	0	1
group_1685	1	1	0	0	1
group_1687	1	1	0	0	1
lutC	1	0	1	0	1
ttdA_2	1	1	0	0	1
rhaS_2	1	1	0	0	1
rplGB	1	1	0	0	1
rpsL	1	1	0	0	1
rpsG	1	1	0	0	1
fusA_2	1	1	0	0	1
ndhI	1	1	0	0	1
ytmI	1	1	0	0	1
rplT	1	1	1	0	0
group_173	1	0	1	0	1
group_1734	0	1	1	0	1
group_1746	1	1	0	0	1
narK	1	1	0	0	1
group_176	1	1	0	0	1
group_1773	0	1	1	0	1
dcuD_2	0	1	1	0	1
group_1782	0	1	1	0	1
haeIIIM	0	1	1	0	1
gsiD_1	0	1	1	0	1
group_1850	0	1	0	1	1
yhjX	1	1	0	0	1
group_1889	0	1	1	0	1
hemA	1	1	0	0	1
group_190	1	1	0	0	1
pgl	1	1	0	0	1
rplD	1	1	0	0	1
mutB	1	1	0	0	1
group_201	1	1	1	0	0
group_217	1	0	1	1	0
gcdB	1	0	0	1	1
gcdC	1	0	1	0	1
group_252	1	0	1	0	1
mntH	1	1	0	0	1
norV_1	1	1	0	0	1
purH	1	1	0	0	1
leuA	1	1	0	0	1
qacC	1	0	1	0	1
prn	1	1	0	0	1
group_303	1	0	1	0	1
exbD	1	0	1	0	1
comM	1	0	1	0	1
recR	1	1	0	0	1
group_336	1	1	0	0	1
sseA	1	1	1	0	0
uvrC	1	1	1	0	0
group_347	1	1	0	0	1
lepA_1	1	1	0	1	0
cpdA_1	1	1	0	0	1
addB	1	1	0	0	1
group_390	1	1	0	0	1
aroC	1	1	0	0	1
kipA	1	0	0	1	1
group_402	1	1	0	0	1
nikA	1	1	1	0	0
group_420	1	0	1	0	1
rpoC	1	1	0	0	1
rpoB	1	1	0	0	1
dcuD_3	1	1	0	0	1
group_436	1	1	0	0	1
thiM	1	1	1	0	0
arnT_2	1	1	1	0	0
group_452	1	1	0	0	1
group_453	1	1	1	0	0
group_461	1	0	1	0	1
group_467	1	1	0	0	1
sir	1	1	0	0	1
kipR	0	1	1	0	1
codB	0	1	1	0	1
group_478	0	1	1	0	1
adeP	0	1	0	1	1
smc_1	1	1	0	0	1
guaA	1	1	0	0	1
group_517	1	1	0	0	1
group_520	1	1	0	0	1
pglJ	1	1	0	0	1
ywqD	1	1	0	0	1
group_535	1	1	1	0	0
cysG	1	1	0	0	1
ecfA1	1	1	0	0	1
map	1	1	0	0	1
rpsS	1	1	0	0	1
opuE_1	1	1	0	0	1
rsmJ	1	1	0	0	1
yciV	1	1	0	0	1
group_601	1	0	1	1	0
sufC	1	1	1	0	0
trmK	1	1	0	0	1
group_634	1	1	0	0	1
group_641	1	0	1	0	1
pdp	1	1	0	0	1
cdd	1	1	0	0	1
group_653	1	1	0	0	1
group_654	1	1	0	0	1
yajC	1	1	0	0	1
pyrK	1	1	0	1	0
group_671	1	0	0	1	1
group_672	1	0	1	0	1
group_673	1	0	1	0	1
yfbR	1	1	0	0	1
hisF	1	1	0	0	1
group_709	1	1	0	0	1
yicL_2	1	1	0	0	1
glnH_2	1	1	0	0	1
mmuM	1	1	0	0	1
purD	1	1	0	0	1
group_726	1	1	0	0	1
group_727	1	1	0	0	1
fixA	1	1	0	0	1
group_733	1	1	0	0	1
group_734	1	1	0	0	1
dmdA	1	1	0	0	1
yfkJ	1	1	0	0	1
sgcG	1	1	0	0	1
group_738	1	1	0	0	1
group_743	1	0	1	0	1
rhaR_2	1	1	0	0	1
group_764	1	1	0	0	1
pduL	1	1	0	0	1
group_771	1	1	0	0	1
pduB_2	1	1	0	0	1
group_774	1	1	0	0	1
group_775	1	1	0	0	1
rhaR_1	1	1	0	0	1
group_779	1	1	0	0	1
group_782	1	1	0	0	1
group_783	1	1	0	0	1
group_787	1	1	0	0	1
group_788	1	1	0	0	1
dnaX	1	1	0	0	1
group_791	1	1	0	0	1
group_792	1	1	0	0	1
group_793	1	1	0	0	1
group_795	1	1	0	0	1
rplI	1	1	0	0	1
ssuA	1	1	0	0	1
queC	1	1	0	0	1
group_808	1	1	1	0	0
ybhI	1	1	0	0	1
group_813	1	1	0	0	1
por	1	1	1	0	0
group_821	1	1	0	0	1
group_843	1	1	0	0	1
group_844	1	1	0	0	1
group_860	1	1	0	0	1
group_864	1	0	1	0	1
uacT_1	1	0	1	0	1
group_867	1	1	0	0	1
group_868	1	1	0	0	1
group_871	1	1	0	0	1
kdsC	1	0	0	1	1
glmS	1	1	1	0	0
potE	1	1	0	0	1
dapF	1	1	0	0	1
mleN	1	1	0	0	1
lacC	1	1	0	0	1
group_901	1	1	0	0	1
rbsC	1	1	0	0	1
group_914	1	1	0	0	1
cysK_1	1	1	0	0	1
group_920	1	1	0	0	1
group_926	1	1	0	0	1
rutE	1	1	0	0	1
group_93	1	0	1	0	1
nrdA	1	1	0	0	1
nrdB	1	1	0	0	1
group_932	1	1	0	0	1
aroF	1	1	0	0	1
aroB	1	1	0	0	1
aroA	1	1	0	0	1
group_938	1	1	0	0	1
btuB	1	0	1	0	1
group_941	1	1	0	0	1
group_942	1	1	0	0	1
dxs_2	1	1	0	0	1
nlr	1	1	0	0	1
group_953	1	1	0	0	1
oppF	1	1	1	0	0
group_956	1	1	1	0	0
deoB	1	0	0	1	1
cbiET	1	1	0	1	0
dut	1	1	0	0	1
group_977	1	0	1	0	1
group_979	1	1	0	0	1
group_992	1	1	0	0	1
group_997	1	1	0	0	1
proX	1	1	0	0	1
group_1003	1	0	0	0	1
group_1004	1	0	0	0	1
group_1005	1	0	0	0	1
selD	1	1	0	0	0
group_1026	1	1	0	0	0
group_1046	1	0	0	0	1
lutA	1	0	0	0	1
group_1050	1	0	0	0	1
group_1054	1	0	1	0	0
group_1057	1	0	1	0	0
ybaQ	0	1	1	0	0
group_1074	0	1	0	0	1
group_1095	0	1	1	0	0
group_1098	0	1	1	0	0
group_1102	0	1	0	0	1
group_1103	0	0	1	1	0
queE	0	0	1	1	0
group_1106	0	0	1	1	0
aroK_1	1	0	1	0	0
proC	1	1	0	0	0
fabM	1	0	0	0	1
rpsI	1	0	0	0	1
rplM	1	0	0	0	1
group_1218	1	0	0	0	1
group_1265	1	0	1	0	0
group_1268	1	0	0	0	1
group_1287	1	0	0	1	0
group_1291	1	0	0	1	0
group_1330	1	0	1	0	0
group_1364	1	0	1	0	0
group_1390	1	0	1	0	0
group_1391	1	0	1	0	0
group_1395	1	0	1	0	0
DmdB	1	0	0	0	1
act	1	0	0	0	1
group_1453	1	0	1	0	0
group_1465	1	1	0	0	0
group_1466	1	0	1	0	0
group_1483	1	0	1	0	0
group_1568	1	0	0	0	1
cbiD	1	1	0	0	0
group_1622	1	0	0	0	1
group_1644	1	1	0	0	0
group_1646	1	0	1	0	0
group_1666	1	0	0	0	1
group_1726	0	1	0	0	1
group_1727	0	1	0	0	1
cas9	0	1	0	0	1
group_1729	0	1	0	0	1
group_1730	0	1	0	0	1
group_1731	0	1	0	0	1
group_1732	0	1	0	0	1
azoR	0	1	0	0	1
group_1745	0	1	0	0	1
group_1755	0	1	0	0	1
merA	0	1	0	0	1
merR1	0	1	0	0	1
group_1758	0	1	0	0	1
group_1759	0	1	0	0	1
group_1760	0	1	0	0	1
group_1761	0	1	0	0	1
group_1762	0	1	0	0	1
group_1763	0	1	0	0	1
group_1764	0	1	0	0	1
group_1765	0	1	0	0	1
group_1766	0	1	0	0	1
group_1767	0	1	0	0	1
group_1768	0	1	0	0	1
group_1769	0	1	0	0	1
group_1770	0	1	0	0	1
group_1776	0	1	0	0	1
group_1777	0	1	0	0	1
group_1778	0	1	0	0	1
group_1779	0	1	0	0	1
group_1780	0	1	0	0	1
group_1783	0	1	0	0	1
group_1784	0	1	0	0	1
kdgR	0	1	0	0	1
uxaA	0	1	0	0	1
tsaC1	0	1	0	0	1
fucP	0	1	0	0	1
group_1791	0	1	0	0	1
yjhH	0	1	0	0	1
fucO_2	0	1	0	0	1
glpF	0	1	0	0	1
hemH	0	1	0	0	1
hemY	0	1	0	0	1
group_1806	0	1	0	0	1
group_1807	0	1	0	0	1
group_1808	0	1	0	0	1
group_1809	0	1	0	0	1
group_1811	0	1	0	0	1
group_1812	0	1	0	0	1
group_1822	0	1	0	0	1
group_1823	0	1	0	0	1
rpmH	0	1	0	0	1
yidD	0	1	0	0	1
yidC2	0	1	0	0	1
group_1827	0	1	0	0	1
group_1828	0	1	0	0	1
group_1829	0	1	0	0	1
group_1830	0	1	0	0	1
group_1832	0	1	0	0	1
group_1833	0	1	0	0	1
group_1834	0	1	0	0	1
group_1837	0	1	0	0	1
tilS	0	1	0	0	1
group_1843	0	1	0	0	1
group_1844	0	1	0	0	1
group_1845	0	1	0	0	1
group_1846	0	1	0	0	1
group_1847	0	1	0	0	1
group_1852	0	1	0	0	1
rpoZ	0	1	1	0	0
group_1858	0	1	0	0	1
group_1859	0	1	0	0	1
group_1860	0	1	0	0	1
group_1863	0	1	0	0	1
yihV	0	1	0	0	1
group_1867	0	1	1	0	0
ywpJ	0	1	0	0	1
group_1876	0	1	0	0	1
group_1878	0	1	0	0	1
group_1879	0	1	0	0	1
group_1882	0	1	0	0	1
group_1883	0	1	0	0	1
group_1884	0	1	0	0	1
metN2	0	1	0	0	1
ade	0	1	0	0	1
folE_1	0	0	1	1	0
queD	0	0	1	1	0
group_1976	0	0	1	1	0
hisZ	1	0	1	0	0
nrgA	1	0	1	0	0
group_394	1	0	0	0	1
sau3AIR_1	1	0	1	0	0
lutB	1	0	0	0	1
group_477	0	1	1	0	0
group_513	1	0	0	0	1
group_519	1	0	1	0	0
sepF	1	1	0	0	0
group_558	1	1	0	0	0
group_559	1	1	0	0	0
group_600	1	0	0	1	0
group_635	1	1	0	0	0
group_674	1	0	1	0	0
hisD	1	0	1	0	0
hisB	1	0	1	0	0
hisA	1	0	1	0	0
hisF_1	1	0	1	0	0
hisI	1	0	1	0	0
group_701	1	0	1	0	0
hisH	1	0	1	0	0
group_705	1	0	1	0	0
group_729	1	0	1	0	0
group_780	1	0	1	0	0
mdtK	1	0	1	0	0
uvrA	1	1	0	0	0
group_833	1	1	0	0	0
group_834	1	1	0	0	0
group_861	1	0	1	0	0
group_907	1	0	0	0	1
group_937	1	0	0	0	1
group_949	1	0	1	0	0
group_957	1	0	1	0	0
btuF	1	0	1	0	0
fecE	1	0	1	0	0
group_996	1	0	1	0	0
rpsE_2	0	0	1	0	0
group_1113	1	0	0	0	0
pheS_1	1	0	0	0	0
group_1123	1	0	0	0	0
group_1127	1	0	0	0	0
group_1128	1	0	0	0	0
group_1129	1	0	0	0	0
group_1130	1	0	0	0	0
group_1131	1	0	0	0	0
group_1132	1	0	0	0	0
group_1133	1	0	0	0	0
group_1136	1	0	0	0	0
cof	1	0	0	0	0
group_1138	1	0	0	0	0
group_1139	1	0	0	0	0
group_1140	1	0	0	0	0
group_1141	1	0	0	0	0
group_1150	1	0	0	0	0
group_1152	1	0	0	0	0
tilS_1	1	0	0	0	0
tilS_2	1	0	0	0	0
group_1193	1	0	0	0	0
group_1256	1	0	0	0	0
group_1257	1	0	0	0	0
group_1261	1	0	0	0	0
ycf3	1	0	0	0	0
group_1274	1	0	0	0	0
group_1278	1	0	0	0	0
group_1279	1	0	0	0	0
group_1280	1	0	0	0	0
group_1281	1	0	0	0	0
group_1282	1	0	0	0	0
group_1288	1	0	0	0	0
group_1289	1	0	0	0	0
group_1318	1	0	0	0	0
group_1319	1	0	0	0	0
group_1320	1	0	0	0	0
group_1325	1	0	0	0	0
group_1331	1	0	0	0	0
group_1332	1	0	0	0	0
group_1333	1	0	0	0	0
scpA_3	1	0	0	0	0
mutB_3	1	0	0	0	0
group_1341	1	0	0	0	0
mtnW_2	1	0	0	0	0
group_1354	1	0	0	0	0
hisE	1	0	0	0	0
glnB	1	0	0	0	0
yidC	1	0	0	0	0
group_1377	1	0	0	0	0
group_1378	1	0	0	0	0
group_1380	1	0	0	0	0
group_1388	1	0	0	0	0
group_1404	1	0	0	0	0
group_1418	1	0	0	0	0
group_1426	1	0	0	0	0
group_1427	1	0	0	0	0
group_1430	1	0	0	0	0
group_1434	1	0	0	0	0
group_1435	1	0	0	0	0
group_1439	1	0	0	0	0
group_1440	1	0	0	0	0
group_1443	1	0	0	0	0
group_1444	1	0	0	0	0
group_1445	1	0	0	0	0
group_1471	1	0	0	0	0
group_1482	1	0	0	0	0
group_1485	1	0	0	0	0
group_1488	1	0	0	0	0
group_1489	1	0	0	0	0
group_1490	1	0	0	0	0
mcrC	1	0	0	0	0
group_1492	1	0	0	0	0
group_1493	1	0	0	0	0
group_1494	1	0	0	0	0
group_1495	1	0	0	0	0
group_1496	1	0	0	0	0
group_1497	1	0	0	0	0
group_1499	1	0	0	0	0
group_1500	1	0	0	0	0
uppP	1	0	0	0	0
group_1505	1	0	0	0	0
group_1506	1	0	0	0	0
group_1507	1	0	0	0	0
recF_3	1	0	0	0	0
group_1514	1	0	0	0	0
group_1528	1	0	0	0	0
group_1530	1	0	0	0	0
group_1534	1	0	0	0	0
group_1542	1	0	0	0	0
group_1549	1	0	0	0	0
group_1567	1	0	0	0	0
group_1569	1	0	0	0	0
group_1570	1	0	0	0	0
group_1580	1	0	0	0	0
group_1587	1	0	0	0	0
group_1588	1	0	0	0	0
group_1593	1	0	0	0	0
sbcC	1	0	0	0	0
group_1603	1	0	0	0	0
group_1604	1	0	0	0	0
group_1606	1	0	0	0	0
group_1613	1	0	0	0	0
group_1615	1	0	0	0	0
group_1616	1	0	0	0	0
group_1624	1	0	0	0	0
group_1633	1	0	0	0	0
group_1645	1	0	0	0	0
group_1647	1	0	0	0	0
group_1651	1	0	0	0	0
group_1653	1	0	0	0	0
group_1654	1	0	0	0	0
group_1655	1	0	0	0	0
group_1661	1	0	0	0	0
group_1662	1	0	0	0	0
group_1664	1	0	0	0	0
group_1668	1	0	0	0	0
group_1669	1	0	0	0	0
group_1670	1	0	0	0	0
group_1671	1	0	0	0	0
group_1672	1	0	0	0	0
group_1673	1	0	0	0	0
group_1674	1	0	0	0	0
group_1675	1	0	0	0	0
group_1676	1	0	0	0	0
group_1677	1	0	0	0	0
group_1678	1	0	0	0	0
group_1679	1	0	0	0	0
group_1680	1	0	0	0	0
xerC_2	1	0	0	0	0
recD2_2	1	0	0	0	0
group_1683	1	0	0	0	0
traD	1	0	0	0	0
group_1686	1	0	0	0	0
hel	1	0	0	0	0
group_1689	1	0	0	0	0
group_1691	1	0	0	0	0
group_1692	1	0	0	0	0
group_1693	1	0	0	0	0
group_1695	1	0	0	0	0
group_1704	1	0	0	0	0
rlmCD	1	0	0	0	0
group_1706	1	0	0	0	0
group_1711	1	0	0	0	0
group_1713	1	0	0	0	0
group_1714	1	0	0	0	0
group_1715	1	0	0	0	0
group_1716	1	0	0	0	0
group_1717	1	0	0	0	0
group_1722	1	0	0	0	0
group_1723	1	0	0	0	0
group_1724	1	0	0	0	0
higB-1	0	1	0	0	0
scdA	0	1	0	0	0
group_1736	0	1	0	0	0
group_1737	0	1	0	0	0
group_1738	0	1	0	0	0
group_1739	0	1	0	0	0
group_1740	0	1	0	0	0
group_1741	0	1	0	0	0
group_1742	0	1	0	0	0
uvrB_1	0	1	0	0	0
nudG	0	1	0	0	0
dpnM	0	1	0	0	0
dpnA	0	1	0	0	0
group_1750	0	1	0	0	0
group_1751	0	1	0	0	0
group_1752	0	1	0	0	0
group_1753	0	1	0	0	0
dps	0	1	0	0	0
group_1771	0	1	0	0	0
group_1772	0	1	0	0	0
group_1774	0	1	0	0	0
group_1775	0	1	0	0	0
group_1786	0	1	0	0	0
paiA	0	1	0	0	0
atpE_1	0	1	0	0	0
group_1797	0	1	0	0	0
ntpA	0	1	0	0	0
ntpB	0	1	0	0	0
atpD_1	0	1	0	0	0
group_1801	0	1	0	0	0
ntpK	0	1	0	0	0
dap4	0	1	0	0	0
prfC_1	0	1	0	0	0
sigK	0	1	0	0	0
group_1814	0	1	0	0	0
group_1815	0	1	0	0	0
group_1816	0	1	0	0	0
group_1817	0	1	0	0	0
group_1818	0	1	0	0	0
mntH_2	0	1	0	0	0
group_1820	0	1	0	0	0
group_1821	0	1	0	0	0
group_1835	0	1	0	0	0
group_1836	0	1	0	0	0
group_1840	0	1	0	0	0
group_1841	0	1	0	0	0
group_1842	0	1	0	0	0
group_1848	0	1	0	0	0
group_1849	0	1	0	0	0
group_1851	0	1	0	0	0
group_1853	0	1	0	0	0
btsR	0	1	0	0	0
group_1856	0	1	0	0	0
group_1857	0	1	0	0	0
group_1861	0	1	0	0	0
group_1862	0	1	0	0	0
group_1865	0	1	0	0	0
maf_2	0	1	0	0	0
group_1868	0	1	0	0	0
yqeY_2	0	1	0	0	0
group_1872	0	1	0	0	0
group_1873	0	1	0	0	0
group_1874	0	1	0	0	0
nadE_2	0	1	0	0	0
group_1877	0	1	0	0	0
rpoE	0	1	0	0	0
group_1881	0	1	0	0	0
group_1885	0	1	0	0	0
group_1886	0	1	0	0	0
group_1888	0	1	0	0	0
group_1890	0	1	0	0	0
group_1891	0	1	0	0	0
cirA	0	1	0	0	0
group_1893	0	1	0	0	0
group_1894	0	1	0	0	0
group_1896	0	0	1	0	0
group_1899	0	0	1	0	0
group_1900	0	0	1	0	0
group_1901	0	0	1	0	0
group_1902	0	0	1	0	0
group_1903	0	0	1	0	0
group_1904	0	0	1	0	0
group_1905	0	0	1	0	0
group_1906	0	0	1	0	0
aqpZ	0	0	1	0	0
group_1908	0	0	1	0	0
hisF_2	0	0	1	0	0
group_1910	0	0	1	0	0
group_1911	0	0	1	0	0
group_1912	0	0	1	0	0
group_1913	0	0	1	0	0
group_1914	0	0	1	0	0
group_1915	0	0	1	0	0
der_2	0	0	1	0	0
group_1917	0	0	1	0	0
group_1918	0	0	1	0	0
btuB_3	0	0	1	0	0
btuB_4	0	0	1	0	0
btuB_5	0	0	1	0	0
yfmC	0	0	1	0	0
hmuU_1	0	0	1	0	0
yusV_1	0	0	1	0	0
group_1925	0	0	1	0	0
group_1926	0	0	1	0	0
group_1927	0	0	1	0	0
group_1928	0	0	1	0	0
group_1929	0	0	1	0	0
group_1930	0	0	1	0	0
group_1931	0	0	1	0	0
group_1932	0	0	1	0	0
group_1933	0	0	1	0	0
group_1934	0	0	1	0	0
group_1935	0	0	1	0	0
group_1936	0	0	1	0	0
group_1937	0	0	1	0	0
group_1938	0	0	1	0	0
group_1939	0	0	1	0	0
group_1940	0	0	1	0	0
mdtG_2	0	0	1	0	0
group_1942	0	0	1	0	0
group_1943	0	0	1	0	0
group_1944	0	0	1	0	0
group_1945	0	0	1	0	0
ziaA_1	0	0	1	0	0
group_1947	0	0	1	0	0
group_1948	0	0	1	0	0
group_1949	0	0	1	0	0
group_1950	0	0	1	0	0
group_1952	0	0	1	0	0
group_1953	0	0	1	0	0
group_1954	0	0	1	0	0
group_1955	0	0	1	0	0
nfrA2	0	0	1	0	0
group_1957	0	0	1	0	0
group_1958	0	0	1	0	0
group_1959	0	0	1	0	0
group_1960	0	0	1	0	0
group_1961	0	0	1	0	0
group_1962	0	0	1	0	0
group_1963	0	0	1	0	0
group_1964	0	0	1	0	0
group_1965	0	0	1	0	0
group_1966	0	0	1	0	0
group_1967	0	0	1	0	0
group_1968	0	0	1	0	0
group_1969	0	0	1	0	0
group_1970	0	0	1	0	0
group_1971	0	0	1	0	0
group_1972	0	0	1	0	0
group_1973	0	0	1	0	0
group_1974	0	0	1	0	0
htpX_3	0	0	1	0	0
dauA	0	0	1	0	0
group_1978	0	0	1	0	0
group_1979	0	0	1	0	0
group_1980	0	0	1	0	0
group_1981	0	0	1	0	0
group_1982	0	0	1	0	0
group_1983	0	0	1	0	0
group_1984	0	0	1	0	0
fetA_2	0	0	1	0	0
group_1986	0	0	1	0	0
group_1987	0	0	1	0	0
group_1988	0	0	1	0	0
group_1989	0	0	1	0	0
group_1990	0	0	1	0	0
group_1991	0	0	1	0	0
group_1992	0	0	1	0	0
group_1993	0	0	1	0	0
group_1994	0	0	1	0	0
group_1995	0	0	1	0	0
group_1996	0	0	1	0	0
group_1997	0	0	1	0	0
mbl	0	0	1	0	0
group_1999	0	0	1	0	0
group_2000	0	0	1	0	0
group_2001	0	0	1	0	0
group_2002	0	0	1	0	0
group_2003	0	0	1	0	0
group_2004	0	0	1	0	0
group_2005	0	0	1	0	0
ldhB_2	0	0	1	0	0
group_2007	0	0	1	0	0
group_2008	0	0	1	0	0
group_2009	0	0	1	0	0
group_2010	0	0	1	0	0
group_2011	0	0	1	0	0
group_2012	0	0	1	0	0
rsmB_2	0	0	1	0	0
group_2014	0	0	1	0	0
queG_1	0	0	1	0	0
menD_2	0	0	1	0	0
group_2017	0	0	1	0	0
group_2018	0	0	1	0	0
group_2019	0	0	1	0	0
group_2020	0	0	1	0	0
ybhI_2	0	0	1	0	0
group_2022	0	0	1	0	0
group_2023	0	0	1	0	0
rplO_1	0	0	1	0	0
rpmD_1	0	0	1	0	0
hpnP	0	0	1	0	0
group_2027	0	0	1	0	0
group_2028	0	0	1	0	0
group_2029	0	0	1	0	0
group_2030	0	0	1	0	0
group_2031	0	0	1	0	0
group_2032	0	0	1	0	0
panC	0	0	1	0	0
panD	0	0	1	0	0
group_2035	0	0	1	0	0
group_2036	0	0	1	0	0
group_2037	0	0	1	0	0
group_2038	0	0	1	0	0
menE_3	0	0	1	0	0
menC_2	0	0	1	0	0
menI_2	0	0	1	0	0
group_2042	0	0	1	0	0
group_2043	0	0	1	0	0
group_2044	0	0	1	0	0
gltT	0	0	1	0	0
group_2046	0	0	1	0	0
group_2047	0	0	1	0	0
group_2048	0	0	1	0	0
group_2049	0	0	1	0	0
group_2050	0	0	1	0	0
pcaF_2	0	0	1	0	0
group_2052	0	0	1	0	0
group_2053	0	0	1	0	0
group_2054	0	0	1	0	0
group_2055	0	0	1	0	0
group_2056	0	0	1	0	0
rpmD_2	0	0	1	0	0
rplO_2	0	0	1	0	0
group_2059	0	0	1	0	0
group_2060	0	0	1	0	0
group_2061	0	0	1	0	0
group_2062	0	0	1	0	0
group_2063	0	0	1	0	0
group_2064	0	0	1	0	0
group_2065	0	0	1	0	0
group_2066	0	0	1	0	0
group_2067	0	0	0	1	0
group_2068	0	0	0	1	0
group_2069	0	0	0	1	0
group_2070	0	0	0	1	0
group_2071	0	0	0	1	0
group_2072	0	0	0	1	0
group_2073	0	0	0	1	0
group_2074	0	0	0	1	0
group_2075	0	0	0	1	0
group_2076	0	0	0	1	0
group_2077	0	0	0	1	0
group_2078	0	0	0	1	0
group_2079	0	0	0	1	0
group_2080	0	0	0	0	1
group_2081	0	0	0	0	1
group_2082	0	0	0	0	1
group_2083	0	0	0	0	1
group_2084	0	0	0	0	1
group_2085	0	0	0	0	1
group_2086	0	0	0	0	1
group_2087	0	0	0	0	1
group_2088	0	0	0	0	1
group_2089	0	0	0	0	1
group_2090	0	0	0	0	1
group_2091	0	0	0	0	1
group_554	1	0	0	0	0
tuf_2	1	0	0	0	0
